Automatic,Scorer_1,Subject,binaryClass
3,3,1,0
1,3,1,1
4,3,1,1
2,3,1,1
0,3,1,0
3,1,1,1
1,1,1,1
4,1,1,1
2,1,1,1
0,1,1,1
3,4,1,1
1,4,1,1
4,4,1,1
2,4,1,1
0,4,1,1
3,2,1,1
1,2,1,1
4,2,1,1
2,2,1,1
0,2,1,1
3,0,1,0
1,0,1,1
4,0,1,1
2,0,1,1
0,0,1,0
3,3,2,0
1,3,2,1
4,3,2,1
2,3,2,1
0,3,2,0
3,1,2,1
1,1,2,1
4,1,2,1
2,1,2,1
0,1,2,1
3,4,2,1
1,4,2,1
4,4,2,1
2,4,2,1
0,4,2,1
3,2,2,1
1,2,2,1
4,2,2,1
2,2,2,1
0,2,2,1
3,0,2,0
1,0,2,1
4,0,2,1
2,0,2,1
0,0,2,0
3,3,3,0
1,3,3,1
4,3,3,1
2,3,3,1
0,3,3,1
3,1,3,1
1,1,3,1
4,1,3,1
2,1,3,1
0,1,3,1
3,4,3,1
1,4,3,1
4,4,3,1
2,4,3,1
0,4,3,1
3,2,3,1
1,2,3,1
4,2,3,1
2,2,3,1
0,2,3,1
3,0,3,0
1,0,3,1
4,0,3,1
2,0,3,1
0,0,3,0
3,3,4,0
1,3,4,1
4,3,4,1
2,3,4,1
0,3,4,1
3,1,4,1
1,1,4,1
4,1,4,1
2,1,4,1
0,1,4,1
3,4,4,1
1,4,4,1
4,4,4,1
2,4,4,1
0,4,4,1
3,2,4,1
1,2,4,1
4,2,4,1
2,2,4,1
0,2,4,1
3,0,4,0
1,0,4,1
4,0,4,1
2,0,4,1
0,0,4,1
3,3,5,0
1,3,5,1
4,3,5,1
2,3,5,1
0,3,5,0
3,1,5,1
1,1,5,1
4,1,5,1
2,1,5,1
0,1,5,1
3,4,5,1
1,4,5,1
4,4,5,1
2,4,5,1
0,4,5,1
3,2,5,1
1,2,5,1
4,2,5,1
2,2,5,1
0,2,5,1
3,0,5,0
1,0,5,1
4,0,5,1
2,0,5,1
0,0,5,0
3,3,6,0
1,3,6,1
4,3,6,1
2,3,6,1
0,3,6,0
3,1,6,1
1,1,6,1
4,1,6,1
2,1,6,1
0,1,6,1
3,4,6,1
1,4,6,1
4,4,6,1
2,4,6,1
0,4,6,1
3,2,6,1
1,2,6,1
4,2,6,1
2,2,6,1
0,2,6,1
3,0,6,0
1,0,6,1
4,0,6,1
2,0,6,1
0,0,6,0
3,3,7,0
1,3,7,1
4,3,7,1
2,3,7,1
0,3,7,0
3,1,7,1
1,1,7,1
4,1,7,1
2,1,7,1
0,1,7,1
3,4,7,1
1,4,7,1
4,4,7,1
2,4,7,1
0,4,7,1
3,2,7,1
1,2,7,1
4,2,7,1
2,2,7,1
0,2,7,1
3,0,7,0
1,0,7,1
4,0,7,1
2,0,7,1
0,0,7,0
3,3,8,0
1,3,8,1
4,3,8,1
2,3,8,1
0,3,8,1
3,1,8,1
1,1,8,1
4,1,8,1
2,1,8,1
0,1,8,1
3,4,8,1
1,4,8,1
4,4,8,1
2,4,8,1
0,4,8,1
3,2,8,1
1,2,8,1
4,2,8,1
2,2,8,1
0,2,8,1
3,0,8,0
1,0,8,1
4,0,8,1
2,0,8,1
0,0,8,0
3,3,9,0
1,3,9,1
4,3,9,1
2,3,9,1
0,3,9,1
3,1,9,1
1,1,9,1
4,1,9,1
2,1,9,1
0,1,9,1
3,4,9,1
1,4,9,1
4,4,9,1
2,4,9,1
0,4,9,1
3,2,9,1
1,2,9,1
4,2,9,1
2,2,9,1
0,2,9,1
3,0,9,0
1,0,9,1
4,0,9,1
2,0,9,1
0,0,9,1
3,3,10,0
1,3,10,1
4,3,10,1
2,3,10,1
0,3,10,0
3,1,10,1
1,1,10,1
4,1,10,1
2,1,10,1
0,1,10,1
3,4,10,1
1,4,10,1
4,4,10,0
2,4,10,1
0,4,10,0
3,2,10,1
1,2,10,1
4,2,10,1
2,2,10,1
0,2,10,1
3,0,10,0
1,0,10,1
4,0,10,1
2,0,10,1
0,0,10,0
3,3,11,0
1,3,11,1
4,3,11,1
2,3,11,1
0,3,11,0
3,1,11,1
1,1,11,1
4,1,11,1
2,1,11,1
0,1,11,1
3,4,11,1
1,4,11,1
4,4,11,1
2,4,11,1
0,4,11,1
3,2,11,1
1,2,11,1
4,2,11,1
2,2,11,1
0,2,11,1
3,0,11,0
1,0,11,1
4,0,11,1
2,0,11,1
0,0,11,1
3,3,12,0
1,3,12,1
4,3,12,1
2,3,12,1
0,3,12,0
3,1,12,1
1,1,12,1
4,1,12,1
2,1,12,1
0,1,12,1
3,4,12,1
1,4,12,1
4,4,12,1
2,4,12,1
0,4,12,1
3,2,12,1
1,2,12,1
4,2,12,1
2,2,12,1
0,2,12,1
3,0,12,0
1,0,12,1
4,0,12,1
2,0,12,1
0,0,12,0
3,3,13,0
1,3,13,1
4,3,13,1
2,3,13,1
0,3,13,1
3,1,13,1
1,1,13,1
4,1,13,1
2,1,13,1
0,1,13,1
3,4,13,1
1,4,13,1
4,4,13,1
2,4,13,1
0,4,13,1
3,2,13,1
1,2,13,1
4,2,13,1
2,2,13,1
0,2,13,1
3,0,13,1
1,0,13,1
4,0,13,1
2,0,13,1
0,0,13,1
3,3,14,0
1,3,14,0
4,3,14,1
2,3,14,1
0,3,14,0
3,1,14,1
1,1,14,0
4,1,14,1
2,1,14,1
0,1,14,1
3,4,14,1
1,4,14,1
4,4,14,1
2,4,14,1
0,4,14,1
3,2,14,1
1,2,14,1
4,2,14,1
2,2,14,1
0,2,14,1
3,0,14,0
1,0,14,0
4,0,14,1
2,0,14,1
0,0,14,0
3,3,15,0
1,3,15,1
4,3,15,1
2,3,15,1
0,3,15,1
3,1,15,1
1,1,15,1
4,1,15,1
2,1,15,1
0,1,15,1
3,4,15,1
1,4,15,1
4,4,15,1
2,4,15,1
0,4,15,1
3,2,15,1
1,2,15,1
4,2,15,1
2,2,15,1
0,2,15,1
3,0,15,1
1,0,15,1
4,0,15,1
2,0,15,1
0,0,15,1
3,3,16,0
1,3,16,1
4,3,16,1
2,3,16,1
0,3,16,1
3,1,16,1
1,1,16,1
4,1,16,1
2,1,16,1
0,1,16,1
3,4,16,1
1,4,16,1
4,4,16,1
2,4,16,1
0,4,16,1
3,2,16,1
1,2,16,1
4,2,16,1
2,2,16,1
0,2,16,1
3,0,16,0
1,0,16,1
4,0,16,1
2,0,16,1
0,0,16,0
3,3,17,0
1,3,17,1
4,3,17,1
2,3,17,1
0,3,17,1
3,1,17,1
1,1,17,1
4,1,17,1
2,1,17,1
0,1,17,1
3,4,17,1
1,4,17,1
4,4,17,1
2,4,17,1
0,4,17,1
3,2,17,1
1,2,17,1
4,2,17,1
2,2,17,1
0,2,17,1
3,0,17,0
1,0,17,1
4,0,17,1
2,0,17,1
0,0,17,0
3,3,18,0
1,3,18,1
4,3,18,1
2,3,18,1
0,3,18,1
3,1,18,1
1,1,18,1
4,1,18,1
2,1,18,1
0,1,18,1
3,4,18,1
1,4,18,1
4,4,18,1
2,4,18,1
0,4,18,1
3,2,18,1
1,2,18,1
4,2,18,1
2,2,18,1
0,2,18,1
3,0,18,1
1,0,18,1
4,0,18,1
2,0,18,1
0,0,18,1
3,3,19,0
1,3,19,1
4,3,19,1
2,3,19,1
0,3,19,0
3,1,19,1
1,1,19,0
4,1,19,1
2,1,19,1
0,1,19,1
3,4,19,1
1,4,19,1
4,4,19,1
2,4,19,1
0,4,19,1
3,2,19,1
1,2,19,1
4,2,19,1
2,2,19,1
0,2,19,1
3,0,19,0
1,0,19,1
4,0,19,1
2,0,19,1
0,0,19,0
